label,mfcc_1,mfcc_2,mfcc_3,mfcc_4,mfcc_5,mfcc_6,mfcc_7,mfcc_8,mfcc_9,mfcc_10,mfcc_11,mfcc_12,mfcc_13,mfcc_14,mfcc_15,mfcc_16,mfcc_17,mfcc_18,mfcc_19,mfcc_20
Prateek Mittal,-637.9723510742188,51.443077087402344,1.2784755229949951,12.623708724975586,2.5644989013671875,2.614673137664795,-8.074106216430664,-6.446422100067139,-0.2338462918996811,-9.14372444152832,-8.832858085632324,-8.73132610321045,-1.1895173788070679,-6.007629871368408,-12.11663818359375,-8.113014221191406,-6.876565933227539,-3.5189054012298584,-7.056127071380615,-0.9576323628425598
Prateek Mittal,-624.206298828125,49.80722427368164,4.98831844329834,3.6203360557556152,0.10332618653774261,2.7191593647003174,-0.7059445381164551,-7.818055629730225,-0.13504570722579956,-14.138053894042969,-8.968807220458984,-3.661217451095581,-4.342641353607178,-1.320900797843933,-9.563117027282715,-6.003350257873535,-1.1441667079925537,-9.525969505310059,-3.2827696800231934,-3.72084379196167
Prateek Mittal,-567.4351806640625,57.96484375,5.786218643188477,0.9362895488739014,3.3937270641326904,3.7535433769226074,-1.7023754119873047,-16.62213897705078,0.8625678420066833,-13.082347869873047,-13.412325859069824,-4.53598690032959,-1.0500030517578125,-2.763350486755371,-9.050033569335938,-6.4369072914123535,-3.61061692237854,-8.481305122375488,-5.752265930175781,-3.577979564666748
Prateek Mittal,-537.670166015625,74.53619384765625,-2.5909876823425293,0.13915133476257324,-2.7135169506073,-0.9979152083396912,-2.9666175842285156,-16.931163787841797,0.8375568985939026,-7.602627277374268,-15.594131469726562,-6.480953216552734,1.5815939903259277,-1.390897512435913,-16.91720962524414,-2.5640134811401367,-6.305339336395264,-6.469116687774658,-4.928758144378662,-3.00407075881958
Prateek Mittal,-697.5753173828125,68.83223724365234,-5.412765979766846,9.285222053527832,-3.8272716999053955,-1.6590648889541626,-15.307693481445312,-13.8168306350708,-1.4579315185546875,-9.090658187866211,-10.444186210632324,-6.075841426849365,-2.5834743976593018,-0.9647102355957031,-11.989543914794922,-3.6516640186309814,-2.6211206912994385,-8.17232608795166,-2.831331968307495,-6.6478590965271
Prateek Mittal,-715.3555297851562,50.76311111450195,-15.782491683959961,10.316823959350586,1.1813931465148926,0.15687181055545807,-16.9262752532959,-10.016961097717285,-3.0400195121765137,-6.50696325302124,-7.133282661437988,-7.88137149810791,-4.258004665374756,1.6421208381652832,-13.379459381103516,-2.028979778289795,-1.6562566757202148,-9.547455787658691,-4.015958786010742,-4.842740058898926
Prateek Mittal,-671.450927734375,43.323036193847656,-17.587627410888672,6.251327991485596,2.5719544887542725,4.924340724945068,-9.261554718017578,-16.7259464263916,1.4085880517959595,-1.8081121444702148,-14.524054527282715,-2.0730934143066406,-1.9143120050430298,-6.03420877456665,-16.11930274963379,1.0569617748260498,-6.643734455108643,-5.31185245513916,-4.321357727050781,-2.0870821475982666
Prateek Mittal,-677.46875,71.2694320678711,0.6944507956504822,-7.08459997177124,0.3339625895023346,2.7360308170318604,-5.369486331939697,-11.047391891479492,-9.426225662231445,-9.208489418029785,-7.501118183135986,-3.815749406814575,-7.410418510437012,-0.08444035798311234,-14.189126014709473,-0.34989166259765625,-5.1273932456970215,-9.053933143615723,-2.3231935501098633,-4.375178337097168
Prateek Mittal,-650.5403442382812,70.83661651611328,-5.202381610870361,-5.9188642501831055,6.862546920776367,3.0036020278930664,-12.088459014892578,-13.579571723937988,1.4799716472625732,-3.233466625213623,-8.152663230895996,-4.713430404663086,-6.509416103363037,1.9799256324768066,-18.350528717041016,-4.189511775970459,-5.6402716636657715,-11.835904121398926,-3.239717960357666,-4.1085333824157715
Prateek Mittal,-702.0503540039062,66.61309814453125,1.2774306535720825,4.686036109924316,2.7397520542144775,2.746436834335327,-10.662248611450195,-9.501118659973145,1.820754885673523,-7.139068126678467,-10.895112037658691,-2.3056540489196777,-5.005274295806885,-4.767191410064697,-11.14857292175293,-4.878173351287842,-3.7776846885681152,-7.896762847900391,-4.911837100982666,-1.324774980545044
Prateek Mittal,-730.7633056640625,36.30418014526367,-6.45408296585083,7.904284477233887,6.313040733337402,1.0462268590927124,-6.367408275604248,-5.021752834320068,1.3767403364181519,-1.3506300449371338,-12.06000804901123,-4.499655246734619,2.57163143157959,-3.726840019226074,-11.525355339050293,-1.1391198635101318,-4.289418697357178,-5.566686153411865,-5.0264434814453125,-2.9677512645721436
Prateek Mittal,-719.9935913085938,55.09760284423828,0.8706642389297485,8.275226593017578,7.469840049743652,3.9796054363250732,-1.474865198135376,-0.5352592468261719,-1.8205255270004272,0.14588229358196259,-14.16763973236084,-3.4691214561462402,0.39232388138771057,-8.96764850616455,-10.53144359588623,-2.4045779705047607,-5.8695478439331055,-4.965626239776611,-4.357612609863281,-8.094788551330566
Prateek Mittal,-675.6087646484375,84.61714935302734,1.7041739225387573,6.2455620765686035,3.6120963096618652,4.807226181030273,-11.2247314453125,-7.014230728149414,1.8557857275009155,-3.5973598957061768,-11.246191024780273,-3.830610513687134,-1.465230107307434,-5.604111671447754,-11.75043773651123,-4.015786170959473,-6.656041622161865,-7.709955215454102,-4.682822227478027,-4.702181339263916
Prateek Mittal,-657.150634765625,67.49545288085938,-6.785417079925537,3.8152449131011963,-3.4842312335968018,-4.4024176597595215,-6.103701114654541,-6.5197343826293945,4.32924747467041,-11.032130241394043,-10.159099578857422,-2.086604118347168,-1.9378337860107422,-0.8721952438354492,-13.25928020477295,-4.176156997680664,-3.424146890640259,-9.225813865661621,-5.345190525054932,-3.697587728500366
Prateek Mittal,-691.900634765625,42.730262756347656,-15.774087905883789,3.503821849822998,4.315182685852051,-0.5324313044548035,-9.861276626586914,-12.523235321044922,4.988168716430664,1.8278080224990845,-15.224113464355469,-3.7133970260620117,1.4067579507827759,-0.8707533478736877,-11.46308422088623,-0.7341966032981873,-2.6555893421173096,-5.367858409881592,-6.937896251678467,-5.430447101593018
Prateek Mittal,-676.728759765625,65.83972930908203,-10.286194801330566,5.711905002593994,-2.58952260017395,-1.9523571729660034,-16.597326278686523,-11.881710052490234,4.773065090179443,2.3952343463897705,-10.9931001663208,-4.391939640045166,-0.15565061569213867,0.18255369365215302,-9.740436553955078,-2.5521764755249023,-5.226428508758545,-5.590218544006348,-2.2171638011932373,-7.325223445892334
Prateek Mittal,-692.9129028320312,49.38068771362305,-11.872231483459473,4.159529209136963,2.4467239379882812,2.417503595352173,-10.280012130737305,-3.231739044189453,4.692715167999268,-3.0938615798950195,-15.493371963500977,-2.311021566390991,-1.835886001586914,-7.274937629699707,-11.391950607299805,-9.083758354187012,-6.877843856811523,-3.9943039417266846,-4.366242408752441,-4.951127529144287
Prateek Mittal,-714.890625,32.95561218261719,-16.064332962036133,7.026667594909668,-2.569173574447632,-1.8794426918029785,-6.917966365814209,-12.532243728637695,1.872567057609558,-4.384677886962891,-5.11345100402832,-6.088356018066406,-3.200512170791626,0.8524448275566101,-16.500320434570312,1.2715587615966797,-6.553971290588379,-10.616194725036621,-6.215265274047852,-5.363813877105713
Prateek Mittal,-720.82080078125,70.96736145019531,-5.317930221557617,5.750668048858643,1.655078649520874,0.8584109544754028,-4.891209602355957,-6.888658046722412,-5.158121109008789,-3.850600004196167,-7.997669696807861,-8.255413055419922,-3.74525785446167,-6.393921375274658,-9.97010612487793,-0.5141221284866333,-5.152072429656982,-8.351593017578125,-7.084592819213867,-7.931271076202393
Prateek Mittal,-751.2874755859375,21.104154586791992,-13.341923713684082,3.725905656814575,-1.4058343172073364,-3.315629720687866,-7.236590385437012,-3.0026228427886963,-4.553776741027832,-3.3835439682006836,-5.734508037567139,-3.8277554512023926,-1.508802890777588,-0.5442504286766052,-9.37375259399414,-2.4225497245788574,-5.84832763671875,-4.43359899520874,-4.1243062019348145,-4.239213466644287
Manvith Soma,-615.0218505859375,76.36309814453125,-10.752240180969238,-6.493349552154541,13.839155197143555,-3.0239224433898926,-21.578901290893555,-14.623894691467285,6.717077255249023,-1.0887629985809326,2.4033031463623047,2.430455446243286,-7.090823650360107,-3.0192670822143555,-4.465196132659912,-10.902676582336426,-17.860197067260742,-7.251106262207031,-16.05467414855957,-0.1207737997174263
Manvith Soma,-615.2880859375,78.6755599975586,-7.101620197296143,-17.94598388671875,11.233250617980957,1.5946969985961914,-13.09589958190918,-10.00926399230957,-3.7879321575164795,0.17484189569950104,1.748957872390747,2.3072729110717773,0.9838669300079346,-2.5638515949249268,-11.647177696228027,-11.0806245803833,-15.867600440979004,-9.825977325439453,-5.231882095336914,-4.7117133140563965
Manvith Soma,-612.3663330078125,74.38835144042969,-6.746395111083984,-5.541116237640381,10.252653121948242,0.7592800855636597,-16.390214920043945,-13.4418363571167,-1.417070746421814,-0.5283166766166687,2.0954816341400146,3.6496288776397705,-1.3787204027175903,-4.7411932945251465,-6.479433059692383,-10.977097511291504,-14.578792572021484,-7.553672790527344,-8.966156005859375,-2.0779433250427246
Manvith Soma,-669.5431518554688,81.64360809326172,-4.2425150871276855,-15.434514045715332,-10.656370162963867,-1.1710542440414429,-5.173248767852783,-13.030362129211426,-2.2917673587799072,-13.412413597106934,2.912947416305542,-0.7923850417137146,-8.941104888916016,2.7820255756378174,-9.298744201660156,-4.788846492767334,-11.241522789001465,-4.705737590789795,-8.041167259216309,-3.4259982109069824
Manvith Soma,-718.2242431640625,63.40534973144531,-0.2849532663822174,-5.352993011474609,-3.26826548576355,-3.2446932792663574,-0.8743032217025757,-3.5480446815490723,-4.138525009155273,-11.53271770477295,-2.334705352783203,-1.2611124515533447,-8.52724552154541,-3.08381986618042,-7.2371344566345215,-6.079338073730469,-4.922914505004883,-4.095017910003662,-6.088057518005371,-2.082145929336548
Manvith Soma,-660.2789916992188,74.30863952636719,0.3642377555370331,-7.681965351104736,-6.8643059730529785,-16.721893310546875,-5.906804084777832,-4.065847396850586,-3.7802722454071045,-10.205493927001953,0.46304455399513245,-7.6444196701049805,-3.756042718887329,-3.799752712249756,-7.889814853668213,-9.714923858642578,-5.785719394683838,-2.08066987991333,-11.854719161987305,-4.002858638763428
Manvith Soma,-687.8189086914062,62.167808532714844,1.260408878326416,-9.54398250579834,-3.9927926063537598,-15.05452823638916,-5.8334784507751465,-5.178227424621582,-3.378417730331421,-7.87113094329834,-1.7780007123947144,-4.276553630828857,-4.71521520614624,-3.0775461196899414,-6.794754981994629,-7.151975154876709,-6.026991844177246,-0.7092950940132141,-10.981141090393066,-4.98629903793335
Manvith Soma,-720.8968505859375,58.70485305786133,4.556686878204346,-1.5523273944854736,3.5651066303253174,-10.586525917053223,-4.633330821990967,-6.541810989379883,-4.196987628936768,-8.294818878173828,-2.963442802429199,-6.495748519897461,-4.350607395172119,-1.954229474067688,-6.530106544494629,-5.079621315002441,-5.328203201293945,-2.0074455738067627,-9.197808265686035,-3.337203025817871
Manvith Soma,-706.338623046875,67.11184692382812,7.4785637855529785,-4.351027011871338,-1.841423511505127,-9.01990795135498,-6.765580654144287,-3.356811761856079,-7.361629486083984,-7.560230731964111,-6.5329909324646,-5.977359771728516,-4.4261698722839355,-0.6039096117019653,-7.882920742034912,-4.509943962097168,-5.5805983543396,-2.5058577060699463,-7.573418140411377,-4.292638301849365
Manvith Soma,-676.3894653320312,69.17377471923828,-0.33213281631469727,-1.5560729503631592,-3.3633816242218018,-13.215529441833496,-8.258030891418457,-5.906711578369141,-4.139814376831055,-11.199935913085938,-3.0493650436401367,-4.255032539367676,-2.9313507080078125,-0.43012750148773193,-9.639264106750488,-8.695627212524414,-3.973325729370117,-2.8032519817352295,-10.668004989624023,-4.866274356842041
Manvith Soma,-662.8322143554688,46.92778015136719,-14.46900463104248,-16.18077850341797,-9.235806465148926,-15.545720100402832,-13.021445274353027,-6.177589416503906,-0.4878855347633362,-5.256862640380859,4.301027774810791,-4.386000156402588,-2.7169570922851562,-2.4322052001953125,-9.747036933898926,-6.78898286819458,-5.895226001739502,-2.4376909732818604,-10.075236320495605,-5.866393566131592
Manvith Soma,-737.6803588867188,40.25398635864258,-0.648958146572113,-6.3265557289123535,-2.6365432739257812,-7.826794624328613,-8.695425033569336,-5.337965488433838,-7.403838634490967,-5.6589531898498535,0.6986880302429199,-2.921210765838623,-6.043432235717773,-1.9206061363220215,-5.718592166900635,-3.9855310916900635,-4.967703819274902,-3.8510751724243164,-6.546024322509766,-4.5509934425354
Manvith Soma,-725.5330200195312,32.823062896728516,-16.356748580932617,-7.051581859588623,-1.606796383857727,-6.161003589630127,-6.109301567077637,-2.4034957885742188,-2.1511120796203613,-5.48070764541626,1.6101415157318115,-3.8255615234375,-9.307221412658691,-1.7941511869430542,-6.20327615737915,-6.938331604003906,-4.140439987182617,-3.943101167678833,-5.829090595245361,-4.78811502456665
Manvith Soma,-655.9221801757812,76.64081573486328,8.063471794128418,-0.062182001769542694,-0.7077526450157166,-5.416901111602783,-10.565522193908691,-6.03741455078125,-6.15885066986084,-6.414193153381348,0.02232987806200981,-7.092901229858398,-10.90501594543457,-1.4991841316223145,-5.088982105255127,-4.887827396392822,-6.705993175506592,-5.864828109741211,-7.329787254333496,-5.214543342590332
Manvith Soma,-727.6201171875,31.149545669555664,-14.263008117675781,-2.8862762451171875,3.0572311878204346,-8.93960189819336,-12.239104270935059,-3.3520255088806152,-0.21605873107910156,-4.08822774887085,3.1699562072753906,-6.318786144256592,-3.92889142036438,-2.732343912124634,-8.343435287475586,-3.570869207382202,-7.194691181182861,0.20654107630252838,-7.075649261474609,-4.544932842254639
Manvith Soma,-716.5955200195312,25.045059204101562,-20.370702743530273,0.10940041393041611,3.6942965984344482,-7.575588226318359,-9.91983699798584,-3.8449273109436035,0.16466590762138367,-2.9726312160491943,4.489047050476074,-6.467168807983398,-6.260200500488281,-0.3005816340446472,-8.96116828918457,-3.1117069721221924,-8.062305450439453,-0.5535690784454346,-6.370847225189209,-3.6220791339874268
Manvith Soma,-647.7642822265625,79.50102996826172,1.1072994470596313,-5.077280044555664,-1.8472820520401,-11.729146957397461,-16.043699264526367,-8.91207218170166,-7.086041450500488,-9.850759506225586,6.799727916717529,-9.646923065185547,-6.998114585876465,-5.1838555335998535,-10.254992485046387,-6.253651142120361,-10.555352210998535,-1.6705901622772217,-9.800159454345703,-3.1517386436462402
Manvith Soma,-762.9857788085938,19.948322296142578,-9.430252075195312,3.306260347366333,4.279086589813232,-5.71570348739624,-6.412414073944092,-4.507560729980469,-3.291764974594116,-2.185028076171875,-1.181411623954773,-4.2442145347595215,-4.338750839233398,-3.4138731956481934,-5.779892921447754,-6.046648979187012,-2.7680861949920654,-1.3999979496002197,-5.9420294761657715,-4.132165908813477
Manvith Soma,-709.6619262695312,53.9453239440918,8.162605285644531,0.7041729688644409,0.674544095993042,-4.32316255569458,-6.522289752960205,-5.060157775878906,-5.674661159515381,-6.879227161407471,-0.18518492579460144,-6.921817302703857,-5.693977355957031,-4.221686363220215,-7.110251426696777,-5.523900032043457,-5.948080062866211,-2.965718984603882,-5.884743690490723,-3.7580206394195557
Manvith Soma,-683.3308715820312,73.24455261230469,2.610771894454956,1.9004544019699097,-2.833425760269165,-10.351933479309082,-10.442272186279297,-9.27160930633545,-7.055263519287109,-9.793968200683594,-3.3479111194610596,-6.348388195037842,-12.697693824768066,-0.39435917139053345,-10.122248649597168,-7.191627502441406,-7.073285102844238,-5.175939559936523,-5.47185754776001,-6.413346290588379
Mudapaka Sai Laxman,-615.0322875976562,47.829864501953125,5.675731182098389,10.192367553710938,-1.2741317749023438,2.7611353397369385,-7.564641952514648,4.429810047149658,-1.246604561805725,-4.261590003967285,5.565555572509766,-3.5738508701324463,-8.143875122070312,0.2012687772512436,-11.650476455688477,-4.026379108428955,-6.356123447418213,-13.961526870727539,-7.534730911254883,-8.654119491577148
Mudapaka Sai Laxman,-589.9083862304688,63.89626693725586,-6.899547100067139,-0.17882850766181946,-5.716826915740967,-0.07922089099884033,1.016815185546875,0.7761788964271545,-3.9696881771087646,0.9306771159172058,-0.43568283319473267,-5.97420072555542,-10.787117958068848,1.3463464975357056,-8.57532024383545,-6.515985488891602,-7.432982921600342,-14.315641403198242,-5.716831207275391,-5.633859634399414
Mudapaka Sai Laxman,-722.6364135742188,50.386573791503906,-5.4747514724731445,5.192471504211426,1.8865662813186646,1.8041657209396362,0.6752445697784424,2.258000135421753,-0.7558218240737915,2.0519213676452637,-1.4580729007720947,-6.869971752166748,-7.997377872467041,0.07078369706869125,-5.11852502822876,-6.3467302322387695,-6.131123065948486,-8.43908405303955,-5.232922554016113,-7.24634313583374
Mudapaka Sai Laxman,-755.0140991210938,40.84906768798828,-15.443364143371582,4.656071662902832,1.1987165212631226,-1.9568135738372803,-3.0104317665100098,-0.3329279124736786,-5.204629421234131,2.025472640991211,-3.356387138366699,-6.608611583709717,-6.309171199798584,-1.9985597133636475,-4.352476596832275,-5.04581356048584,-4.729659557342529,-9.43265438079834,-4.094170093536377,-5.013038635253906
Mudapaka Sai Laxman,-724.3258056640625,54.657955169677734,-0.4375419616699219,6.879575252532959,1.8247044086456299,0.943526566028595,0.23594914376735687,2.0154500007629395,-2.3905727863311768,2.0755629539489746,0.5328314900398254,-5.173629283905029,-4.722653865814209,-2.1005704402923584,-4.3886895179748535,-6.832524299621582,-6.115692615509033,-11.031023025512695,-8.170836448669434,-6.298731803894043
Mudapaka Sai Laxman,-685.2938232421875,28.15614891052246,-6.3054518699646,6.825432300567627,-1.1350986957550049,-4.5782470703125,-6.461616039276123,2.1637845039367676,-6.8361921310424805,1.9602426290512085,-1.7287840843200684,-4.061934947967529,-8.237385749816895,-1.633994460105896,-7.857532978057861,-4.359779357910156,-7.716396331787109,-8.588541030883789,-5.185990810394287,-4.781215667724609
Mudapaka Sai Laxman,-704.7205200195312,30.338104248046875,-27.895282745361328,6.9302191734313965,-3.7947890758514404,-6.635062217712402,-6.942655563354492,3.284663677215576,-16.486774444580078,4.634279727935791,-8.586819648742676,-6.2590765953063965,-10.092439651489258,1.1107126474380493,-3.730487585067749,-5.222570419311523,-2.9999895095825195,-11.000530242919922,-0.4878031015396118,-5.693404197692871
Mudapaka Sai Laxman,-742.378662109375,27.53550148010254,-21.05400276184082,3.0929441452026367,-1.5492547750473022,-2.4108383655548096,-4.919362545013428,2.6040241718292236,-10.185050010681152,2.6106154918670654,-6.578024387359619,-5.805731773376465,-5.438089847564697,-2.0096595287323,-3.2160279750823975,-7.813733100891113,-1.8933264017105103,-9.907367706298828,-2.1286678314208984,-3.2364087104797363
Mudapaka Sai Laxman,-650.7868041992188,43.22987365722656,-2.3324639797210693,12.369829177856445,2.985356330871582,-8.315276145935059,-5.277398109436035,6.622786998748779,-11.555410385131836,2.655734062194824,-3.094681739807129,-1.9113140106201172,-3.9360811710357666,0.8713103532791138,-6.527043342590332,-7.158055305480957,-5.45052433013916,-9.240699768066406,-3.4997477531433105,-8.117263793945312
Mudapaka Sai Laxman,-713.6627197265625,39.45537567138672,1.510604739189148,11.067721366882324,5.989038944244385,-0.21802182495594025,-1.179435133934021,4.6991472244262695,-7.429404258728027,2.6037933826446533,-4.041677951812744,-3.581935167312622,-3.6631388664245605,-2.125450849533081,-6.180372714996338,-6.994753360748291,-4.912233829498291,-8.160805702209473,-5.013977527618408,-6.76483154296875
Mudapaka Sai Laxman,-597.7052612304688,56.015262603759766,-7.360156059265137,9.473931312561035,0.7225548624992371,-13.319782257080078,-9.131686210632324,4.787177562713623,-9.581881523132324,8.223761558532715,-1.6155601739883423,-1.6614376306533813,-6.961690902709961,0.5635855793952942,-6.874975204467773,-8.526606559753418,-4.878480434417725,-12.588127136230469,-4.249756336212158,-7.561165809631348
Mudapaka Sai Laxman,-728.8577880859375,36.70685958862305,-16.145709991455078,6.702590465545654,-2.3150546550750732,-6.322381019592285,-12.045744895935059,1.04483163356781,-9.781871795654297,3.4698686599731445,-1.6351065635681152,-4.586477279663086,-4.599189281463623,-1.6561068296432495,-7.738533973693848,-6.9936652183532715,-3.6697845458984375,-9.307904243469238,-5.845952987670898,-4.946388244628906
Mudapaka Sai Laxman,-669.0530395507812,32.338706970214844,-21.277708053588867,-1.4174706935882568,-5.257638931274414,-8.844861030578613,-7.304459095001221,3.3090226650238037,-8.34609317779541,3.612034797668457,-2.016160249710083,-5.461668491363525,-7.029702663421631,-0.5475455522537231,-5.074910640716553,-5.6144537925720215,-3.9837000370025635,-8.461522102355957,-1.976253867149353,-5.598722457885742
Mudapaka Sai Laxman,-608.0315551757812,45.658260345458984,-4.36014461517334,6.759190559387207,3.40240216255188,-8.409280776977539,-6.003701686859131,5.828758716583252,-5.657406330108643,6.783044815063477,-0.7249592542648315,-3.14394211769104,-5.282962799072266,-1.7077620029449463,-6.896929740905762,-8.973761558532715,-3.1547322273254395,-12.6531343460083,-4.824995517730713,-6.121462345123291
Mudapaka Sai Laxman,-716.7971801757812,35.76081848144531,-18.114437103271484,2.555152416229248,-4.6449294090271,-7.397058486938477,-8.083402633666992,0.8793541193008423,-10.25230884552002,5.6628241539001465,-5.787508487701416,-6.304988861083984,-7.3450608253479,-2.57765531539917,-5.575721263885498,-6.1355485916137695,-2.3767640590667725,-9.37435245513916,-3.221651077270508,-4.592361927032471
Mudapaka Sai Laxman,-626.4129028320312,50.43153762817383,-8.126699447631836,9.511285781860352,1.9294158220291138,-11.929734230041504,-8.888150215148926,3.3089210987091064,-7.817471027374268,7.404922008514404,0.12997661530971527,-6.261159896850586,-8.356253623962402,0.5824763774871826,-8.284113883972168,-8.140607833862305,-5.765462875366211,-11.146903991699219,-5.797991752624512,-7.763331413269043
Mudapaka Sai Laxman,-735.96142578125,26.05247688293457,-19.32929801940918,4.687036514282227,-4.30739164352417,-5.192742347717285,-9.261256217956543,-2.3486318588256836,-11.819464683532715,2.188652753829956,-1.4366984367370605,-5.4546685218811035,-9.132231712341309,-2.641556978225708,-6.031424522399902,-3.489084005355835,-3.718247175216675,-8.268549919128418,-4.32717227935791,-4.140918731689453
Mudapaka Sai Laxman,-637.718017578125,45.95757293701172,-7.447446346282959,10.950448989868164,0.26464852690696716,-7.634818077087402,-5.946498870849609,4.870915412902832,-7.572331428527832,5.68917989730835,0.7476310729980469,-5.370928764343262,-6.013759613037109,-3.0708606243133545,-6.660991191864014,-7.55220365524292,-5.743476867675781,-11.98839282989502,-5.579395771026611,-8.553961753845215
Mudapaka Sai Laxman,-630.5889892578125,31.904808044433594,-7.480759143829346,3.3203163146972656,4.611917018890381,-5.832148551940918,-3.9310061931610107,3.566075086593628,-3.7127389907836914,5.5938720703125,1.1690354347229004,-4.548588752746582,-6.111850738525391,-0.24645209312438965,-6.699148654937744,-6.128335475921631,-6.23394775390625,-7.4336838722229,-7.955824851989746,-5.793938636779785
Mudapaka Sai Laxman,-761.9327392578125,27.32956314086914,-17.051950454711914,-0.6875520348548889,-3.0008838176727295,-2.175611734390259,-7.695457935333252,-0.07506216317415237,-6.382133483886719,-0.7811057567596436,-3.8276350498199463,-3.664731025695801,-6.634279727935791,-2.4511756896972656,-4.963266849517822,-5.027994155883789,-2.0151963233947754,-5.163125991821289,-4.175419807434082,-1.3191745281219482
